sku,name,published,price_status,cost_status,stock_status,image_status,supplier_status,shipping_status,readiness,blocker_reason
NP-VOR-001,VORTEX Cámara Espaciadora,true,BLOCKER_PLACEHOLDER_PRICE,IMPORTANT_COST_NULL,IMPORTANT_DEMO_OR_TEMPORARY_STOCK,BLOCKER_UNAPPROVED_REFERENCE_IMAGE,IMPORTANT_supplier missing,OK,HIDE BEFORE LAUNCH,placeholder price; image not productionApproved (reference); temporary SKU; conceptual/demo copy
NP-AER-002,AeroChamber Plus Flow-Vu,true,BLOCKER_PLACEHOLDER_PRICE,IMPORTANT_COST_NULL,IMPORTANT_DEMO_OR_TEMPORARY_STOCK,BLOCKER_UNAPPROVED_REFERENCE_IMAGE,IMPORTANT_supplier missing,IMPORTANT_SHIPPING_INCOMPLETE,HIDE BEFORE LAUNCH,placeholder price; image not productionApproved (reference); temporary SKU; conceptual/demo copy
NP-FLM-003,Flujómetro Peak Flow,true,BLOCKER_PLACEHOLDER_PRICE,IMPORTANT_COST_NULL,IMPORTANT_DEMO_OR_TEMPORARY_STOCK,BLOCKER_UNAPPROVED_PENDING_IMAGE,IMPORTANT_supplier missing;manufacturer pending,IMPORTANT_SHIPPING_INCOMPLETE,HIDE BEFORE LAUNCH,placeholder price; image not productionApproved (pending); temporary SKU; conceptual/demo copy
NP-NEU-004,Chupón para nebulizador,true,BLOCKER_PLACEHOLDER_PRICE,IMPORTANT_COST_NULL,IMPORTANT_DEMO_OR_TEMPORARY_STOCK,BLOCKER_UNAPPROVED_PENDING_IMAGE,IMPORTANT_supplier missing;manufacturer pending,IMPORTANT_SHIPPING_INCOMPLETE,HIDE BEFORE LAUNCH,placeholder price; image not productionApproved (pending); temporary SKU; conceptual/demo copy
NP-NLM-005,NeilMed Pedia Mist,true,BLOCKER_PLACEHOLDER_PRICE,IMPORTANT_COST_NULL,IMPORTANT_DEMO_OR_TEMPORARY_STOCK,BLOCKER_UNAPPROVED_REFERENCE_IMAGE,IMPORTANT_supplier missing,IMPORTANT_SHIPPING_INCOMPLETE,HIDE BEFORE LAUNCH,placeholder price; image not productionApproved (reference); temporary SKU; conceptual/demo copy
NP-STR-006,Stérimar Higiene Nasal,true,BLOCKER_PLACEHOLDER_PRICE,IMPORTANT_COST_NULL,IMPORTANT_DEMO_OR_TEMPORARY_STOCK,BLOCKER_UNAPPROVED_REFERENCE_IMAGE,IMPORTANT_supplier missing,IMPORTANT_SHIPPING_INCOMPLETE,HIDE BEFORE LAUNCH,placeholder price; image not productionApproved (reference); temporary SKU; conceptual/demo copy
NP-NEU-007,Mascarilla pediátrica para nebulización,true,BLOCKER_PLACEHOLDER_PRICE,IMPORTANT_COST_NULL,IMPORTANT_DEMO_OR_TEMPORARY_STOCK,BLOCKER_UNAPPROVED_PENDING_IMAGE,IMPORTANT_supplier missing;manufacturer pending,IMPORTANT_SHIPPING_INCOMPLETE,HIDE BEFORE LAUNCH,placeholder price; image not productionApproved (pending); temporary SKU; conceptual/demo copy
NP-NEU-008,Kit de nebulización pediátrico,true,BLOCKER_PLACEHOLDER_PRICE,IMPORTANT_COST_NULL,BLOCKER_NO_STOCK,BLOCKER_UNAPPROVED_PENDING_IMAGE,IMPORTANT_supplier missing;manufacturer pending,IMPORTANT_SHIPPING_INCOMPLETE,HIDE BEFORE LAUNCH,placeholder price; no sellable stock; image not productionApproved (pending); temporary SKU; conceptual/demo copy
NP-PAR-009,Nebulizador mesh portátil,true,BLOCKER_PLACEHOLDER_PRICE,IMPORTANT_COST_NULL,BLOCKER_NO_STOCK,BLOCKER_UNAPPROVED_PENDING_IMAGE,IMPORTANT_supplier missing;manufacturer pending,IMPORTANT_SHIPPING_INCOMPLETE,HIDE BEFORE LAUNCH,placeholder price; no sellable stock; image not productionApproved (pending); temporary SKU; conceptual/demo copy
NP-PHI-010,Oxímetro pediátrico,true,BLOCKER_PLACEHOLDER_PRICE,IMPORTANT_COST_NULL,BLOCKER_NO_STOCK,BLOCKER_UNAPPROVED_PENDING_IMAGE,IMPORTANT_supplier missing;manufacturer pending,IMPORTANT_SHIPPING_INCOMPLETE,HIDE BEFORE LAUNCH,placeholder price; no sellable stock; image not productionApproved (pending); temporary SKU; conceptual/demo copy
NP-ACC-011,Boquilla para cámara espaciadora,true,BLOCKER_PLACEHOLDER_PRICE,IMPORTANT_COST_NULL,IMPORTANT_DEMO_OR_TEMPORARY_STOCK,BLOCKER_UNAPPROVED_PENDING_IMAGE,IMPORTANT_supplier missing;manufacturer pending,IMPORTANT_SHIPPING_INCOMPLETE,HIDE BEFORE LAUNCH,placeholder price; image not productionApproved (pending); temporary SKU; conceptual/demo copy
NP-ACC-012,Mascarilla de repuesto para aerocámara,true,BLOCKER_PLACEHOLDER_PRICE,IMPORTANT_COST_NULL,IMPORTANT_DEMO_OR_TEMPORARY_STOCK,BLOCKER_UNAPPROVED_PENDING_IMAGE,IMPORTANT_supplier missing;manufacturer pending,IMPORTANT_SHIPPING_INCOMPLETE,HIDE BEFORE LAUNCH,placeholder price; image not productionApproved (pending); temporary SKU; conceptual/demo copy
NP-ACC-013,Estuche para aerocámara,true,BLOCKER_PLACEHOLDER_PRICE,IMPORTANT_COST_NULL,IMPORTANT_DEMO_OR_TEMPORARY_STOCK,BLOCKER_UNAPPROVED_PENDING_IMAGE,IMPORTANT_supplier missing;manufacturer pending,IMPORTANT_SHIPPING_INCOMPLETE,HIDE BEFORE LAUNCH,placeholder price; image not productionApproved (pending); temporary SKU; conceptual/demo copy
NP-NLM-014,Solución salina nasal,true,BLOCKER_PLACEHOLDER_PRICE,IMPORTANT_COST_NULL,IMPORTANT_DEMO_OR_TEMPORARY_STOCK,BLOCKER_UNAPPROVED_PENDING_IMAGE,IMPORTANT_supplier missing;manufacturer pending,IMPORTANT_SHIPPING_INCOMPLETE,HIDE BEFORE LAUNCH,placeholder price; image not productionApproved (pending); temporary SKU; conceptual/demo copy
NP-TRP-015,Ejercitador respiratorio / PEP conceptual,true,BLOCKER_PLACEHOLDER_PRICE,IMPORTANT_COST_NULL,BLOCKER_NO_STOCK,BLOCKER_UNAPPROVED_PENDING_IMAGE,IMPORTANT_supplier missing;manufacturer pending,IMPORTANT_SHIPPING_INCOMPLETE,HIDE BEFORE LAUNCH,placeholder price; no sellable stock; image not productionApproved (pending); temporary SKU; conceptual/demo copy
NP-ACC-016,Filtros de repuesto para nebulizador,true,BLOCKER_PLACEHOLDER_PRICE,IMPORTANT_COST_NULL,IMPORTANT_DEMO_OR_TEMPORARY_STOCK,BLOCKER_UNAPPROVED_PENDING_IMAGE,IMPORTANT_supplier missing;manufacturer pending,IMPORTANT_SHIPPING_INCOMPLETE,HIDE BEFORE LAUNCH,placeholder price; image not productionApproved (pending); temporary SKU; conceptual/demo copy
NP-ACC-017,Manguera estándar para nebulizador,true,BLOCKER_PLACEHOLDER_PRICE,IMPORTANT_COST_NULL,IMPORTANT_DEMO_OR_TEMPORARY_STOCK,BLOCKER_UNAPPROVED_PENDING_IMAGE,IMPORTANT_supplier missing;manufacturer pending,IMPORTANT_SHIPPING_INCOMPLETE,HIDE BEFORE LAUNCH,placeholder price; image not productionApproved (pending); temporary SKU; conceptual/demo copy
NP-NLM-018,Irrigador nasal adulto,true,BLOCKER_PLACEHOLDER_PRICE,IMPORTANT_COST_NULL,IMPORTANT_DEMO_OR_TEMPORARY_STOCK,BLOCKER_UNAPPROVED_PENDING_IMAGE,IMPORTANT_supplier missing;manufacturer pending,IMPORTANT_SHIPPING_INCOMPLETE,HIDE BEFORE LAUNCH,placeholder price; image not productionApproved (pending); temporary SKU; conceptual/demo copy
NP-ACC-019,Boquilla de repuesto para Peak Flow,true,BLOCKER_PLACEHOLDER_PRICE,IMPORTANT_COST_NULL,IMPORTANT_DEMO_OR_TEMPORARY_STOCK,BLOCKER_UNAPPROVED_PENDING_IMAGE,IMPORTANT_supplier missing;manufacturer pending,IMPORTANT_SHIPPING_INCOMPLETE,HIDE BEFORE LAUNCH,placeholder price; image not productionApproved (pending); temporary SKU; conceptual/demo copy
NP-ACC-020,Válvula de repuesto para aerocámara,true,BLOCKER_PLACEHOLDER_PRICE,IMPORTANT_COST_NULL,BLOCKER_NO_STOCK,BLOCKER_UNAPPROVED_PENDING_IMAGE,IMPORTANT_supplier missing;manufacturer pending,IMPORTANT_SHIPPING_INCOMPLETE,HIDE BEFORE LAUNCH,placeholder price; no sellable stock; image not productionApproved (pending); temporary SKU; conceptual/demo copy
NP-NEU-022,Mascarilla adulto para nebulización,true,BLOCKER_PLACEHOLDER_PRICE,IMPORTANT_COST_NULL,IMPORTANT_DEMO_OR_TEMPORARY_STOCK,BLOCKER_UNAPPROVED_PENDING_IMAGE,IMPORTANT_supplier missing;manufacturer pending,IMPORTANT_SHIPPING_INCOMPLETE,HIDE BEFORE LAUNCH,placeholder price; image not productionApproved (pending); temporary SKU; conceptual/demo copy
BUNDLE:kit-primer-inhalador,Kit primer inhalador,true,BLOCKER_PLACEHOLDER_PRICE,IMPORTANT_COMPONENT_COSTS_REQUIRED,IMPORTANT_COMPONENT_STOCK_DERIVED,BLOCKER_MISSING_IMAGE,IMPORTANT_COMPONENT_SUPPLIERS_REQUIRED,IMPORTANT_BUNDLE_DIMENSIONS_INCOMPLETE,HIDE BEFORE LAUNCH,placeholder bundle price; bundle image missing; conceptual bundle copy
BUNDLE:kit-control-asma,Kit de apoyo para control respiratorio,true,BLOCKER_PLACEHOLDER_PRICE,IMPORTANT_COMPONENT_COSTS_REQUIRED,IMPORTANT_COMPONENT_STOCK_DERIVED,BLOCKER_MISSING_IMAGE,IMPORTANT_COMPONENT_SUPPLIERS_REQUIRED,IMPORTANT_BUNDLE_DIMENSIONS_INCOMPLETE,HIDE BEFORE LAUNCH,placeholder bundle price; bundle image missing; conceptual bundle copy
BUNDLE:kit-nebulizacion-pediatrica,Kit nebulización pediátrica,true,BLOCKER_PLACEHOLDER_PRICE,IMPORTANT_COMPONENT_COSTS_REQUIRED,IMPORTANT_COMPONENT_STOCK_DERIVED,BLOCKER_MISSING_IMAGE,IMPORTANT_COMPONENT_SUPPLIERS_REQUIRED,IMPORTANT_BUNDLE_DIMENSIONS_INCOMPLETE,HIDE BEFORE LAUNCH,placeholder bundle price; bundle image missing; conceptual bundle copy
BUNDLE:kit-higiene-nasal,Kit higiene nasal,true,BLOCKER_PLACEHOLDER_PRICE,IMPORTANT_COMPONENT_COSTS_REQUIRED,IMPORTANT_COMPONENT_STOCK_DERIVED,OK,IMPORTANT_COMPONENT_SUPPLIERS_REQUIRED,IMPORTANT_BUNDLE_DIMENSIONS_INCOMPLETE,HIDE BEFORE LAUNCH,placeholder bundle price; conceptual bundle copy
BUNDLE:kit-viaje-respiratorio,Kit viaje respiratorio,true,BLOCKER_PLACEHOLDER_PRICE,IMPORTANT_COMPONENT_COSTS_REQUIRED,IMPORTANT_COMPONENT_STOCK_DERIVED,BLOCKER_MISSING_IMAGE,IMPORTANT_COMPONENT_SUPPLIERS_REQUIRED,IMPORTANT_BUNDLE_DIMENSIONS_INCOMPLETE,HIDE BEFORE LAUNCH,placeholder bundle price; bundle image missing; conceptual bundle copy
